"ID","WPM","Accuracy","Price","Adj. Mean WPM","Loudness","Tactility","Weight","Date","Date Average","Date Accuracy"
5,66,0.87,0.65,0.0,62.7,No,65,"6/13/2025",76.9,0.89
5,69,0.87,0.65,0.0,62.7,No,65,"6/13/2025",76.9,0.89
5,74,0.9,0.65,0.0,62.7,No,65,"6/13/2025",76.9,0.89
5,84,0.92,0.65,0.0,62.7,No,65,"6/13/2025",76.9,0.89
5,70,0.86,0.65,0.0,62.7,No,65,"6/13/2025",76.9,0.89
5,72,0.88,0.65,0.0,62.7,No,65,"6/13/2025",76.9,0.89
5,64,0.84,0.65,0.0,62.7,No,65,"6/13/2025",76.9,0.89
5,72,0.85,0.65,0.0,62.7,No,65,"6/13/2025",76.9,0.89
5,78,0.89,0.65,0.0,62.7,No,65,"6/13/2025",76.9,0.89
5,42,0.72,0.65,0.0,62.7,No,65,"6/13/2025",76.9,0.89
5,57,0.81,0.65,0.0,62.7,No,65,"6/13/2025",76.9,0.89
5,78,0.9,0.65,0.0,62.7,No,65,"6/13/2025",76.9,0.89
5,76,0.9,0.65,0.0,62.7,No,65,"6/13/2025",76.9,0.89
5,84,0.93,0.65,0.0,62.7,No,65,"6/13/2025",76.9,0.89
5,78,0.89,0.65,0.0,62.7,No,65,"6/13/2025",76.9,0.89
5,84,0.94,0.65,0.0,62.7,No,65,"6/13/2025",76.9,0.89
5,86,0.93,0.65,0.0,62.7,No,65,"6/13/2025",76.9,0.89
5,76,0.87,0.65,0.0,62.7,No,65,"6/13/2025",76.9,0.89
5,84,0.95,0.65,0.0,62.7,No,65,"6/13/2025",76.9,0.89
5,80,0.91,0.65,0.0,62.7,No,65,"6/13/2025",76.9,0.89
5,78,0.92,0.65,0.0,62.7,No,65,"6/13/2025",76.9,0.89
5,71,0.85,0.65,0.0,62.7,No,65,"6/13/2025",76.9,0.89
5,82,0.92,0.65,0.0,62.7,No,65,"6/13/2025",76.9,0.89
5,75,0.88,0.65,0.0,62.7,No,65,"6/13/2025",76.9,0.89
5,80,0.89,0.65,0.0,62.7,No,65,"6/13/2025",76.9,0.89
5,77,0.91,0.65,0.0,62.7,No,65,"6/13/2025",76.9,0.89
5,74,0.86,0.65,0.0,62.7,No,65,"6/13/2025",76.9,0.89
5,91,0.92,0.65,0.0,62.7,No,65,"6/13/2025",76.9,0.89
5,68,0.81,0.65,0.0,62.7,No,65,"6/13/2025",76.9,0.89
5,84,0.9,0.65,0.0,62.7,No,65,"6/13/2025",76.9,0.89
5,67,0.92,0.65,0.0,62.7,No,65,"6/13/2025",76.9,0.89
5,64,0.86,0.65,0.0,62.7,No,65,"6/13/2025",76.9,0.89
5,84,0.94,0.65,0.0,62.7,No,65,"6/13/2025",76.9,0.89
5,79,0.9,0.65,0.0,62.7,No,65,"6/13/2025",76.9,0.89
5,72,0.87,0.65,0.0,62.7,No,65,"6/13/2025",76.9,0.89
5,72,0.86,0.65,0.0,62.7,No,65,"6/13/2025",76.9,0.89
5,74,0.87,0.65,0.0,62.7,No,65,"6/13/2025",76.9,0.89
5,68,0.84,0.65,0.0,62.7,No,65,"6/13/2025",76.9,0.89
5,76,0.89,0.65,0.0,62.7,No,65,"6/13/2025",76.9,0.89
5,64,0.81,0.65,0.0,62.7,No,65,"6/13/2025",76.9,0.89
5,91,0.95,0.65,0.0,62.7,No,65,"6/13/2025",76.9,0.89
5,93,0.92,0.65,0.0,62.7,No,65,"6/13/2025",76.9,0.89
5,95,0.94,0.65,0.0,62.7,No,65,"6/13/2025",76.9,0.89
5,94,0.96,0.65,0.0,62.7,No,65,"6/13/2025",76.9,0.89
5,76,0.89,0.65,0.0,62.7,No,65,"6/13/2025",76.9,0.89
5,88,0.96,0.65,0.0,62.7,No,65,"6/13/2025",76.9,0.89
5,91,0.94,0.65,0.0,62.7,No,65,"6/13/2025",76.9,0.89
5,80,0.89,0.65,0.0,62.7,No,65,"6/13/2025",76.9,0.89
5,84,0.89,0.65,0.0,62.7,No,65,"6/13/2025",76.9,0.89
5,80,0.92,0.65,0.0,62.7,No,65,"6/13/2025",76.9,0.89
7,76,0.84,0.71,4.2,74.3,Large,67,"6/14/2025",77.0,0.9
7,64,0.84,0.71,4.2,74.3,Large,67,"6/14/2025",77.0,0.9
7,90,0.95,0.71,4.2,74.3,Large,67,"6/14/2025",77.0,0.9
7,88,0.93,0.71,4.2,74.3,Large,67,"6/14/2025",77.0,0.9
7,78,0.92,0.71,4.2,74.3,Large,67,"6/14/2025",77.0,0.9
7,74,0.9,0.71,4.2,74.3,Large,67,"6/14/2025",77.0,0.9
7,73,0.87,0.71,4.2,74.3,Large,67,"6/14/2025",77.0,0.9
7,85,0.91,0.71,4.2,74.3,Large,67,"6/14/2025",77.0,0.9
7,76,0.89,0.71,4.2,74.3,Large,67,"6/14/2025",77.0,0.9
7,81,0.92,0.71,4.2,74.3,Large,67,"6/14/2025",77.0,0.9
7,87,0.93,0.71,4.2,74.3,Large,67,"6/14/2025",77.0,0.9
7,80,0.92,0.71,4.2,74.3,Large,67,"6/14/2025",77.0,0.9
7,69,0.87,0.71,4.2,74.3,Large,67,"6/14/2025",77.0,0.9
7,76,0.87,0.71,4.2,74.3,Large,67,"6/14/2025",77.0,0.9
7,88,0.95,0.71,4.2,74.3,Large,67,"6/14/2025",77.0,0.9
7,84,0.91,0.71,4.2,74.3,Large,67,"6/14/2025",77.0,0.9
7,70,0.87,0.71,4.2,74.3,Large,67,"6/14/2025",77.0,0.9
7,72,0.9,0.71,4.2,74.3,Large,67,"6/14/2025",77.0,0.9
7,64,0.84,0.71,4.2,74.3,Large,67,"6/14/2025",77.0,0.9
7,70,0.84,0.71,4.2,74.3,Large,67,"6/14/2025",77.0,0.9
7,74,0.86,0.71,4.2,74.3,Large,67,"6/14/2025",77.0,0.9
7,79,0.93,0.71,4.2,74.3,Large,67,"6/14/2025",77.0,0.9
7,75,0.89,0.71,4.2,74.3,Large,67,"6/14/2025",77.0,0.9
7,73,0.88,0.71,4.2,74.3,Large,67,"6/14/2025",77.0,0.9
7,74,0.88,0.71,4.2,74.3,Large,67,"6/14/2025",77.0,0.9
7,74,0.9,0.71,4.2,74.3,Large,67,"6/14/2025",77.0,0.9
7,93,0.97,0.71,4.2,74.3,Large,67,"6/14/2025",77.0,0.9
7,72,0.89,0.71,4.2,74.3,Large,67,"6/14/2025",77.0,0.9
7,81,0.93,0.71,4.2,74.3,Large,67,"6/14/2025",77.0,0.9
7,84,0.91,0.71,4.2,74.3,Large,67,"6/14/2025",77.0,0.9
7,68,0.85,0.71,4.2,74.3,Large,67,"6/14/2025",77.0,0.9
7,83,0.89,0.71,4.2,74.3,Large,67,"6/14/2025",77.0,0.9
7,62,0.85,0.71,4.2,74.3,Large,67,"6/14/2025",77.0,0.9
7,67,0.88,0.71,4.2,74.3,Large,67,"6/14/2025",77.0,0.9
7,80,0.89,0.71,4.2,74.3,Large,67,"6/14/2025",77.0,0.9
7,88,0.96,0.71,4.2,74.3,Large,67,"6/14/2025",77.0,0.9
7,70,0.88,0.71,4.2,74.3,Large,67,"6/14/2025",77.0,0.9
7,83,0.91,0.71,4.2,74.3,Large,67,"6/14/2025",77.0,0.9
7,89,0.94,0.71,4.2,74.3,Large,67,"6/14/2025",77.0,0.9
7,58,0.82,0.71,4.2,74.3,Large,67,"6/14/2025",77.0,0.9
7,76,0.87,0.71,4.2,74.3,Large,67,"6/14/2025",77.0,0.9
7,67,0.84,0.71,4.2,74.3,Large,67,"6/14/2025",77.0,0.9
7,91,0.95,0.71,4.2,74.3,Large,67,"6/14/2025",77.0,0.9
7,78,0.94,0.71,4.2,74.3,Large,67,"6/14/2025",77.0,0.9
7,98,0.96,0.71,4.2,74.3,Large,67,"6/14/2025",77.0,0.9
7,92,0.97,0.71,4.2,74.3,Large,67,"6/14/2025",77.0,0.9
7,97,0.88,0.71,4.2,74.3,Large,67,"6/14/2025",77.0,0.9
7,80,0.94,0.71,4.2,74.3,Large,67,"6/14/2025",77.0,0.9
7,76,0.9,0.71,4.2,74.3,Large,67,"6/14/2025",77.0,0.9
7,81,0.91,0.71,4.2,74.3,Large,67,"6/14/2025",77.0,0.9
5,79,0.92,0.65,0.0,62.7,No,65,"6/14/2025",77.0,0.9
5,76,0.92,0.65,0.0,62.7,No,65,"6/14/2025",77.0,0.9
5,64,0.88,0.65,0.0,62.7,No,65,"6/14/2025",77.0,0.9
5,77,0.88,0.65,0.0,62.7,No,65,"6/14/2025",77.0,0.9
5,71,0.91,0.65,0.0,62.7,No,65,"6/14/2025",77.0,0.9
5,74,0.91,0.65,0.0,62.7,No,65,"6/14/2025",77.0,0.9
5,72,0.91,0.65,0.0,62.7,No,65,"6/14/2025",77.0,0.9
5,74,0.93,0.65,0.0,62.7,No,65,"6/14/2025",77.0,0.9
5,67,0.87,0.65,0.0,62.7,No,65,"6/14/2025",77.0,0.9
5,59,0.83,0.65,0.0,62.7,No,65,"6/14/2025",77.0,0.9
1,86,0.91,0.2,-6.3,62.6,No,60,"6/15/2025",79.4,0.91
1,78,0.9,0.2,-6.3,62.6,No,60,"6/15/2025",79.4,0.91
1,87,0.94,0.2,-6.3,62.6,No,60,"6/15/2025",79.4,0.91
1,83,0.9,0.2,-6.3,62.6,No,60,"6/15/2025",79.4,0.91
1,94,0.95,0.2,-6.3,62.6,No,60,"6/15/2025",79.4,0.91
1,84,0.94,0.2,-6.3,62.6,No,60,"6/15/2025",79.4,0.91
1,86,0.94,0.2,-6.3,62.6,No,60,"6/15/2025",79.4,0.91
1,80,0.94,0.2,-6.3,62.6,No,60,"6/15/2025",79.4,0.91
1,84,0.92,0.2,-6.3,62.6,No,60,"6/15/2025",79.4,0.91
1,70,0.86,0.2,-6.3,62.6,No,60,"6/15/2025",79.4,0.91
1,78,0.89,0.2,-6.3,62.6,No,60,"6/15/2025",79.4,0.91
1,82,0.87,0.2,-6.3,62.6,No,60,"6/15/2025",79.4,0.91
1,81,0.92,0.2,-6.3,62.6,No,60,"6/15/2025",79.4,0.91
1,64,0.81,0.2,-6.3,62.6,No,60,"6/15/2025",79.4,0.91
1,90,0.93,0.2,-6.3,62.6,No,60,"6/15/2025",79.4,0.91
1,82,0.9,0.2,-6.3,62.6,No,60,"6/15/2025",79.4,0.91
1,86,0.93,0.2,-6.3,62.6,No,60,"6/15/2025",79.4,0.91
1,84,0.93,0.2,-6.3,62.6,No,60,"6/15/2025",79.4,0.91
1,78,0.87,0.2,-6.3,62.6,No,60,"6/15/2025",79.4,0.91
1,88,0.93,0.2,-6.3,62.6,No,60,"6/15/2025",79.4,0.91
1,78,0.87,0.2,-6.3,62.6,No,60,"6/15/2025",79.4,0.91
1,92,0.93,0.2,-6.3,62.6,No,60,"6/15/2025",79.4,0.91
1,97,0.97,0.2,-6.3,62.6,No,60,"6/15/2025",79.4,0.91
1,78,0.86,0.2,-6.3,62.6,No,60,"6/15/2025",79.4,0.91
1,68,0.83,0.2,-6.3,62.6,No,60,"6/15/2025",79.4,0.91
1,76,0.89,0.2,-6.3,62.6,No,60,"6/15/2025",79.4,0.91
1,83,0.92,0.2,-6.3,62.6,No,60,"6/15/2025",79.4,0.91
1,82,0.92,0.2,-6.3,62.6,No,60,"6/15/2025",79.4,0.91
1,94,0.93,0.2,-6.3,62.6,No,60,"6/15/2025",79.4,0.91
1,92,0.94,0.2,-6.3,62.6,No,60,"6/15/2025",79.4,0.91
1,80,0.93,0.2,-6.3,62.6,No,60,"6/15/2025",79.4,0.91
1,81,0.91,0.2,-6.3,62.6,No,60,"6/15/2025",79.4,0.91
1,89,0.93,0.2,-6.3,62.6,No,60,"6/15/2025",79.4,0.91
1,60,0.85,0.2,-6.3,62.6,No,60,"6/15/2025",79.4,0.91
1,82,0.89,0.2,-6.3,62.6,No,60,"6/15/2025",79.4,0.91
1,82,0.91,0.2,-6.3,62.6,No,60,"6/15/2025",79.4,0.91
1,90,0.94,0.2,-6.3,62.6,No,60,"6/15/2025",79.4,0.91
1,77,0.89,0.2,-6.3,62.6,No,60,"6/15/2025",79.4,0.91
1,68,0.82,0.2,-6.3,62.6,No,60,"6/15/2025",79.4,0.91
1,81,0.9,0.2,-6.3,62.6,No,60,"6/15/2025",79.4,0.91
1,84,0.95,0.2,-6.3,62.6,No,60,"6/15/2025",79.4,0.91
1,74,0.9,0.2,-6.3,62.6,No,60,"6/15/2025",79.4,0.91
1,78,0.89,0.2,-6.3,62.6,No,60,"6/15/2025",79.4,0.91
1,84,0.95,0.2,-6.3,62.6,No,60,"6/15/2025",79.4,0.91
1,69,0.9,0.2,-6.3,62.6,No,60,"6/15/2025",79.4,0.91
1,78,0.88,0.2,-6.3,62.6,No,60,"6/15/2025",79.4,0.91
1,75,0.89,0.2,-6.3,62.6,No,60,"6/15/2025",79.4,0.91
1,68,0.92,0.2,-6.3,62.6,No,60,"6/15/2025",79.4,0.91
1,66,0.89,0.2,-6.3,62.6,No,60,"6/15/2025",79.4,0.91
1,78,0.92,0.2,-6.3,62.6,No,60,"6/15/2025",79.4,0.91
5,62,0.87,0.65,0.0,62.7,No,65,"6/15/2025",79.4,0.91
5,73,0.88,0.65,0.0,62.7,No,65,"6/15/2025",79.4,0.91
5,73,0.88,0.65,0.0,62.7,No,65,"6/15/2025",79.4,0.91
5,72,0.88,0.65,0.0,62.7,No,65,"6/15/2025",79.4,0.91
5,75,0.88,0.65,0.0,62.7,No,65,"6/15/2025",79.4,0.91
5,91,0.98,0.65,0.0,62.7,No,65,"6/15/2025",79.4,0.91
5,78,0.91,0.65,0.0,62.7,No,65,"6/15/2025",79.4,0.91
5,75,0.88,0.65,0.0,62.7,No,65,"6/15/2025",79.4,0.91
5,64,0.82,0.65,0.0,62.7,No,65,"6/15/2025",79.4,0.91
5,73,0.83,0.65,0.0,62.7,No,65,"6/15/2025",79.4,0.91
12,88,0.88,0.53,-0.5,69.5,No,68,"6/16/2025",77.4,0.9
12,74,0.86,0.53,-0.5,69.5,No,68,"6/16/2025",77.4,0.9
12,89,0.95,0.53,-0.5,69.5,No,68,"6/16/2025",77.4,0.9
12,78,0.89,0.53,-0.5,69.5,No,68,"6/16/2025",77.4,0.9
12,77,0.92,0.53,-0.5,69.5,No,68,"6/16/2025",77.4,0.9
12,74,0.91,0.53,-0.5,69.5,No,68,"6/16/2025",77.4,0.9
12,75,0.92,0.53,-0.5,69.5,No,68,"6/16/2025",77.4,0.9
12,69,0.84,0.53,-0.5,69.5,No,68,"6/16/2025",77.4,0.9
12,78,0.89,0.53,-0.5,69.5,No,68,"6/16/2025",77.4,0.9
12,83,0.92,0.53,-0.5,69.5,No,68,"6/16/2025",77.4,0.9
12,74,0.91,0.53,-0.5,69.5,No,68,"6/16/2025",77.4,0.9
12,75,0.93,0.53,-0.5,69.5,No,68,"6/16/2025",77.4,0.9
12,77,0.93,0.53,-0.5,69.5,No,68,"6/16/2025",77.4,0.9
12,68,0.95,0.53,-0.5,69.5,No,68,"6/16/2025",77.4,0.9
12,79,0.91,0.53,-0.5,69.5,No,68,"6/16/2025",77.4,0.9
12,80,0.93,0.53,-0.5,69.5,No,68,"6/16/2025",77.4,0.9
12,75,0.9,0.53,-0.5,69.5,No,68,"6/16/2025",77.4,0.9
12,84,0.91,0.53,-0.5,69.5,No,68,"6/16/2025",77.4,0.9
12,73,0.85,0.53,-0.5,69.5,No,68,"6/16/2025",77.4,0.9
12,66,0.8,0.53,-0.5,69.5,No,68,"6/16/2025",77.4,0.9
12,72,0.89,0.53,-0.5,69.5,No,68,"6/16/2025",77.4,0.9
12,80,0.92,0.53,-0.5,69.5,No,68,"6/16/2025",77.4,0.9
12,61,0.89,0.53,-0.5,69.5,No,68,"6/16/2025",77.4,0.9
12,81,0.93,0.53,-0.5,69.5,No,68,"6/16/2025",77.4,0.9
12,75,0.88,0.53,-0.5,69.5,No,68,"6/16/2025",77.4,0.9
12,81,0.92,0.53,-0.5,69.5,No,68,"6/16/2025",77.4,0.9
12,70,0.88,0.53,-0.5,69.5,No,68,"6/16/2025",77.4,0.9
12,77,0.9,0.53,-0.5,69.5,No,68,"6/16/2025",77.4,0.9
12,84,0.93,0.53,-0.5,69.5,No,68,"6/16/2025",77.4,0.9
12,72,0.85,0.53,-0.5,69.5,No,68,"6/16/2025",77.4,0.9
12,83,0.92,0.53,-0.5,69.5,No,68,"6/16/2025",77.4,0.9
12,75,0.89,0.53,-0.5,69.5,No,68,"6/16/2025",77.4,0.9
12,93,0.95,0.53,-0.5,69.5,No,68,"6/16/2025",77.4,0.9
12,71,0.88,0.53,-0.5,69.5,No,68,"6/16/2025",77.4,0.9
12,82,0.93,0.53,-0.5,69.5,No,68,"6/16/2025",77.4,0.9
12,71,0.87,0.53,-0.5,69.5,No,68,"6/16/2025",77.4,0.9
12,78,0.9,0.53,-0.5,69.5,No,68,"6/16/2025",77.4,0.9
12,84,0.94,0.53,-0.5,69.5,No,68,"6/16/2025",77.4,0.9
12,86,0.9,0.53,-0.5,69.5,No,68,"6/16/2025",77.4,0.9
12,74,0.84,0.53,-0.5,69.5,No,68,"6/16/2025",77.4,0.9
12,75,0.86,0.53,-0.5,69.5,No,68,"6/16/2025",77.4,0.9
12,65,0.85,0.53,-0.5,69.5,No,68,"6/16/2025",77.4,0.9
12,78,0.89,0.53,-0.5,69.5,No,68,"6/16/2025",77.4,0.9
12,84,0.93,0.53,-0.5,69.5,No,68,"6/16/2025",77.4,0.9
12,63,0.84,0.53,-0.5,69.5,No,68,"6/16/2025",77.4,0.9
12,79,0.88,0.53,-0.5,69.5,No,68,"6/16/2025",77.4,0.9
12,93,0.94,0.53,-0.5,69.5,No,68,"6/16/2025",77.4,0.9
12,76,0.89,0.53,-0.5,69.5,No,68,"6/16/2025",77.4,0.9
12,84,0.94,0.53,-0.5,69.5,No,68,"6/16/2025",77.4,0.9
12,82,0.9,0.53,-0.5,69.5,No,68,"6/16/2025",77.4,0.9
5,88,0.94,0.65,0.0,62.7,No,65,"6/16/2025",77.4,0.9
5,72,0.93,0.65,0.0,62.7,No,65,"6/16/2025",77.4,0.9
5,68,0.85,0.65,0.0,62.7,No,65,"6/16/2025",77.4,0.9
5,82,0.96,0.65,0.0,62.7,No,65,"6/16/2025",77.4,0.9
5,76,0.92,0.65,0.0,62.7,No,65,"6/16/2025",77.4,0.9
5,81,0.94,0.65,0.0,62.7,No,65,"6/16/2025",77.4,0.9
5,73,0.87,0.65,0.0,62.7,No,65,"6/16/2025",77.4,0.9
5,81,0.94,0.65,0.0,62.7,No,65,"6/16/2025",77.4,0.9
5,72,0.88,0.65,0.0,62.7,No,65,"6/16/2025",77.4,0.9
5,85,0.92,0.65,0.0,62.7,No,65,"6/16/2025",77.4,0.9
6,88,0.93,0.65,2.3,69.9,Medium,67,"6/17/2025",83.8,0.91
6,66,0.83,0.65,2.3,69.9,Medium,67,"6/17/2025",83.8,0.91
6,84,0.9,0.65,2.3,69.9,Medium,67,"6/17/2025",83.8,0.91
6,78,0.9,0.65,2.3,69.9,Medium,67,"6/17/2025",83.8,0.91
6,80,0.88,0.65,2.3,69.9,Medium,67,"6/17/2025",83.8,0.91
6,80,0.93,0.65,2.3,69.9,Medium,67,"6/17/2025",83.8,0.91
6,96,0.95,0.65,2.3,69.9,Medium,67,"6/17/2025",83.8,0.91
6,86,0.95,0.65,2.3,69.9,Medium,67,"6/17/2025",83.8,0.91
6,78,0.86,0.65,2.3,69.9,Medium,67,"6/17/2025",83.8,0.91
6,71,0.86,0.65,2.3,69.9,Medium,67,"6/17/2025",83.8,0.91
6,90,0.94,0.65,2.3,69.9,Medium,67,"6/17/2025",83.8,0.91
6,74,0.87,0.65,2.3,69.9,Medium,67,"6/17/2025",83.8,0.91
6,75,0.89,0.65,2.3,69.9,Medium,67,"6/17/2025",83.8,0.91
6,83,0.92,0.65,2.3,69.9,Medium,67,"6/17/2025",83.8,0.91
6,92,0.95,0.65,2.3,69.9,Medium,67,"6/17/2025",83.8,0.91
6,88,0.95,0.65,2.3,69.9,Medium,67,"6/17/2025",83.8,0.91
6,86,0.91,0.65,2.3,69.9,Medium,67,"6/17/2025",83.8,0.91
6,75,0.86,0.65,2.3,69.9,Medium,67,"6/17/2025",83.8,0.91
6,94,0.95,0.65,2.3,69.9,Medium,67,"6/17/2025",83.8,0.91
6,88,0.9,0.65,2.3,69.9,Medium,67,"6/17/2025",83.8,0.91
6,86,0.91,0.65,2.3,69.9,Medium,67,"6/17/2025",83.8,0.91
6,96,0.95,0.65,2.3,69.9,Medium,67,"6/17/2025",83.8,0.91
6,89,0.94,0.65,2.3,69.9,Medium,67,"6/17/2025",83.8,0.91
6,94,0.95,0.65,2.3,69.9,Medium,67,"6/17/2025",83.8,0.91
6,85,0.93,0.65,2.3,69.9,Medium,67,"6/17/2025",83.8,0.91
6,78,0.89,0.65,2.3,69.9,Medium,67,"6/17/2025",83.8,0.91
6,91,0.94,0.65,2.3,69.9,Medium,67,"6/17/2025",83.8,0.91
6,88,0.93,0.65,2.3,69.9,Medium,67,"6/17/2025",83.8,0.91
6,78,0.91,0.65,2.3,69.9,Medium,67,"6/17/2025",83.8,0.91
6,88,0.92,0.65,2.3,69.9,Medium,67,"6/17/2025",83.8,0.91
6,90,0.93,0.65,2.3,69.9,Medium,67,"6/17/2025",83.8,0.91
6,83,0.93,0.65,2.3,69.9,Medium,67,"6/17/2025",83.8,0.91
6,83,0.91,0.65,2.3,69.9,Medium,67,"6/17/2025",83.8,0.91
6,78,0.88,0.65,2.3,69.9,Medium,67,"6/17/2025",83.8,0.91
6,86,0.95,0.65,2.3,69.9,Medium,67,"6/17/2025",83.8,0.91
6,89,0.94,0.65,2.3,69.9,Medium,67,"6/17/2025",83.8,0.91
6,82,0.92,0.65,2.3,69.9,Medium,67,"6/17/2025",83.8,0.91
6,82,0.94,0.65,2.3,69.9,Medium,67,"6/17/2025",83.8,0.91
6,88,0.92,0.65,2.3,69.9,Medium,67,"6/17/2025",83.8,0.91
6,75,0.84,0.65,2.3,69.9,Medium,67,"6/17/2025",83.8,0.91
6,78,0.88,0.65,2.3,69.9,Medium,67,"6/17/2025",83.8,0.91
6,96,0.94,0.65,2.3,69.9,Medium,67,"6/17/2025",83.8,0.91
6,89,0.91,0.65,2.3,69.9,Medium,67,"6/17/2025",83.8,0.91
6,75,0.86,0.65,2.3,69.9,Medium,67,"6/17/2025",83.8,0.91
6,85,0.93,0.65,2.3,69.9,Medium,67,"6/17/2025",83.8,0.91
6,82,0.9,0.65,2.3,69.9,Medium,67,"6/17/2025",83.8,0.91
6,79,0.88,0.65,2.3,69.9,Medium,67,"6/17/2025",83.8,0.91
6,92,0.93,0.65,2.3,69.9,Medium,67,"6/17/2025",83.8,0.91
6,79,0.86,0.65,2.3,69.9,Medium,67,"6/17/2025",83.8,0.91
6,93,0.93,0.65,2.3,69.9,Medium,67,"6/17/2025",83.8,0.91
5,75,0.86,0.65,0.0,62.7,No,65,"6/17/2025",83.8,0.91
5,78,0.9,0.65,0.0,62.7,No,65,"6/17/2025",83.8,0.91
5,80,0.88,0.65,0.0,62.7,No,65,"6/17/2025",83.8,0.91
5,81,0.91,0.65,0.0,62.7,No,65,"6/17/2025",83.8,0.91
5,80,0.9,0.65,0.0,62.7,No,65,"6/17/2025",83.8,0.91
5,89,0.97,0.65,0.0,62.7,No,65,"6/17/2025",83.8,0.91
5,81,0.88,0.65,0.0,62.7,No,65,"6/17/2025",83.8,0.91
5,84,0.93,0.65,0.0,62.7,No,65,"6/17/2025",83.8,0.91
5,82,0.9,0.65,0.0,62.7,No,65,"6/17/2025",83.8,0.91
5,89,0.93,0.65,0.0,62.7,No,65,"6/17/2025",83.8,0.91
8,91,0.98,1.2,-0.1,62.8,No,67,"6/18/2025",79.2,0.9
8,91,0.92,1.2,-0.1,62.8,No,67,"6/18/2025",79.2,0.9
8,82,0.95,1.2,-0.1,62.8,No,67,"6/18/2025",79.2,0.9
8,64,0.88,1.2,-0.1,62.8,No,67,"6/18/2025",79.2,0.9
8,85,0.94,1.2,-0.1,62.8,No,67,"6/18/2025",79.2,0.9
8,77,0.93,1.2,-0.1,62.8,No,67,"6/18/2025",79.2,0.9
8,64,0.85,1.2,-0.1,62.8,No,67,"6/18/2025",79.2,0.9
8,91,0.96,1.2,-0.1,62.8,No,67,"6/18/2025",79.2,0.9
8,64,0.82,1.2,-0.1,62.8,No,67,"6/18/2025",79.2,0.9
8,88,0.92,1.2,-0.1,62.8,No,67,"6/18/2025",79.2,0.9
8,74,0.88,1.2,-0.1,62.8,No,67,"6/18/2025",79.2,0.9
8,76,0.9,1.2,-0.1,62.8,No,67,"6/18/2025",79.2,0.9
8,91,0.93,1.2,-0.1,62.8,No,67,"6/18/2025",79.2,0.9
8,82,0.92,1.2,-0.1,62.8,No,67,"6/18/2025",79.2,0.9
8,80,0.9,1.2,-0.1,62.8,No,67,"6/18/2025",79.2,0.9
8,75,0.91,1.2,-0.1,62.8,No,67,"6/18/2025",79.2,0.9
8,79,0.91,1.2,-0.1,62.8,No,67,"6/18/2025",79.2,0.9
8,90,0.96,1.2,-0.1,62.8,No,67,"6/18/2025",79.2,0.9
8,86,0.93,1.2,-0.1,62.8,No,67,"6/18/2025",79.2,0.9
8,89,0.93,1.2,-0.1,62.8,No,67,"6/18/2025",79.2,0.9
8,80,0.87,1.2,-0.1,62.8,No,67,"6/18/2025",79.2,0.9
8,67,0.83,1.2,-0.1,62.8,No,67,"6/18/2025",79.2,0.9
8,70,0.85,1.2,-0.1,62.8,No,67,"6/18/2025",79.2,0.9
8,78,0.9,1.2,-0.1,62.8,No,67,"6/18/2025",79.2,0.9
8,81,0.9,1.2,-0.1,62.8,No,67,"6/18/2025",79.2,0.9
8,69,0.81,1.2,-0.1,62.8,No,67,"6/18/2025",79.2,0.9
8,102,0.95,1.2,-0.1,62.8,No,67,"6/18/2025",79.2,0.9
8,85,0.91,1.2,-0.1,62.8,No,67,"6/18/2025",79.2,0.9
8,88,0.93,1.2,-0.1,62.8,No,67,"6/18/2025",79.2,0.9
8,85,0.9,1.2,-0.1,62.8,No,67,"6/18/2025",79.2,0.9
8,69,0.87,1.2,-0.1,62.8,No,67,"6/18/2025",79.2,0.9
8,82,0.94,1.2,-0.1,62.8,No,67,"6/18/2025",79.2,0.9
8,77,0.9,1.2,-0.1,62.8,No,67,"6/18/2025",79.2,0.9
8,84,0.91,1.2,-0.1,62.8,No,67,"6/18/2025",79.2,0.9
8,75,0.88,1.2,-0.1,62.8,No,67,"6/18/2025",79.2,0.9
8,80,0.94,1.2,-0.1,62.8,No,67,"6/18/2025",79.2,0.9
8,76,0.9,1.2,-0.1,62.8,No,67,"6/18/2025",79.2,0.9
8,98,0.98,1.2,-0.1,62.8,No,67,"6/18/2025",79.2,0.9
8,78,0.9,1.2,-0.1,62.8,No,67,"6/18/2025",79.2,0.9
8,88,0.91,1.2,-0.1,62.8,No,67,"6/18/2025",79.2,0.9
8,85,0.96,1.2,-0.1,62.8,No,67,"6/18/2025",79.2,0.9
8,84,0.95,1.2,-0.1,62.8,No,67,"6/18/2025",79.2,0.9
8,67,0.85,1.2,-0.1,62.8,No,67,"6/18/2025",79.2,0.9
8,75,0.87,1.2,-0.1,62.8,No,67,"6/18/2025",79.2,0.9
8,68,0.87,1.2,-0.1,62.8,No,67,"6/18/2025",79.2,0.9
8,84,0.92,1.2,-0.1,62.8,No,67,"6/18/2025",79.2,0.9
8,70,0.87,1.2,-0.1,62.8,No,67,"6/18/2025",79.2,0.9
8,65,0.86,1.2,-0.1,62.8,No,67,"6/18/2025",79.2,0.9
8,74,0.9,1.2,-0.1,62.8,No,67,"6/18/2025",79.2,0.9
8,70,0.87,1.2,-0.1,62.8,No,67,"6/18/2025",79.2,0.9
5,83,0.92,0.65,0.0,62.7,No,65,"6/18/2025",79.2,0.9
5,91,0.95,0.65,0.0,62.7,No,65,"6/18/2025",79.2,0.9
5,67,0.86,0.65,0.0,62.7,No,65,"6/18/2025",79.2,0.9
5,87,0.92,0.65,0.0,62.7,No,65,"6/18/2025",79.2,0.9
5,81,0.9,0.65,0.0,62.7,No,65,"6/18/2025",79.2,0.9
5,85,0.92,0.65,0.0,62.7,No,65,"6/18/2025",79.2,0.9
5,76,0.85,0.65,0.0,62.7,No,65,"6/18/2025",79.2,0.9
5,74,0.9,0.65,0.0,62.7,No,65,"6/18/2025",79.2,0.9
5,76,0.9,0.65,0.0,62.7,No,65,"6/18/2025",79.2,0.9
5,60,0.82,0.65,0.0,62.7,No,65,"6/18/2025",79.2,0.9
3,78,0.94,0.35,0.6,76.6,No,52,"6/20/2025",77.7,0.93
3,74,0.91,0.35,0.6,76.6,No,52,"6/20/2025",77.7,0.93
3,68,0.89,0.35,0.6,76.6,No,52,"6/20/2025",77.7,0.93
3,81,0.92,0.35,0.6,76.6,No,52,"6/20/2025",77.7,0.93
3,80,0.94,0.35,0.6,76.6,No,52,"6/20/2025",77.7,0.93
3,75,0.94,0.35,0.6,76.6,No,52,"6/20/2025",77.7,0.93
3,82,0.95,0.35,0.6,76.6,No,52,"6/20/2025",77.7,0.93
3,70,0.89,0.35,0.6,76.6,No,52,"6/20/2025",77.7,0.93
3,79,0.91,0.35,0.6,76.6,No,52,"6/20/2025",77.7,0.93
3,66,0.88,0.35,0.6,76.6,No,52,"6/20/2025",77.7,0.93
3,83,0.96,0.35,0.6,76.6,No,52,"6/20/2025",77.7,0.93
3,73,0.93,0.35,0.6,76.6,No,52,"6/20/2025",77.7,0.93
3,75,0.95,0.35,0.6,76.6,No,52,"6/20/2025",77.7,0.93
3,88,0.97,0.35,0.6,76.6,No,52,"6/20/2025",77.7,0.93
3,82,0.96,0.35,0.6,76.6,No,52,"6/20/2025",77.7,0.93
3,80,0.93,0.35,0.6,76.6,No,52,"6/20/2025",77.7,0.93
3,72,0.94,0.35,0.6,76.6,No,52,"6/20/2025",77.7,0.93
3,78,0.93,0.35,0.6,76.6,No,52,"6/20/2025",77.7,0.93
3,70,0.88,0.35,0.6,76.6,No,52,"6/20/2025",77.7,0.93
3,80,0.94,0.35,0.6,76.6,No,52,"6/20/2025",77.7,0.93
3,67,0.87,0.35,0.6,76.6,No,52,"6/20/2025",77.7,0.93
3,86,0.97,0.35,0.6,76.6,No,52,"6/20/2025",77.7,0.93
3,81,0.92,0.35,0.6,76.6,No,52,"6/20/2025",77.7,0.93
3,73,0.91,0.35,0.6,76.6,No,52,"6/20/2025",77.7,0.93
3,87,0.95,0.35,0.6,76.6,No,52,"6/20/2025",77.7,0.93
3,74,0.93,0.35,0.6,76.6,No,52,"6/20/2025",77.7,0.93
3,76,0.91,0.35,0.6,76.6,No,52,"6/20/2025",77.7,0.93
3,64,0.89,0.35,0.6,76.6,No,52,"6/20/2025",77.7,0.93
3,76,0.92,0.35,0.6,76.6,No,52,"6/20/2025",77.7,0.93
3,79,0.97,0.35,0.6,76.6,No,52,"6/20/2025",77.7,0.93
3,75,0.94,0.35,0.6,76.6,No,52,"6/20/2025",77.7,0.93
3,67,0.9,0.35,0.6,76.6,No,52,"6/20/2025",77.7,0.93
3,89,0.97,0.35,0.6,76.6,No,52,"6/20/2025",77.7,0.93
3,68,0.92,0.35,0.6,76.6,No,52,"6/20/2025",77.7,0.93
3,76,0.91,0.35,0.6,76.6,No,52,"6/20/2025",77.7,0.93
3,78,0.91,0.35,0.6,76.6,No,52,"6/20/2025",77.7,0.93
3,82,0.92,0.35,0.6,76.6,No,52,"6/20/2025",77.7,0.93
3,88,0.96,0.35,0.6,76.6,No,52,"6/20/2025",77.7,0.93
3,91,0.95,0.35,0.6,76.6,No,52,"6/20/2025",77.7,0.93
3,78,0.92,0.35,0.6,76.6,No,52,"6/20/2025",77.7,0.93
3,72,0.88,0.35,0.6,76.6,No,52,"6/20/2025",77.7,0.93
3,91,0.94,0.35,0.6,76.6,No,52,"6/20/2025",77.7,0.93
3,78,0.95,0.35,0.6,76.6,No,52,"6/20/2025",77.7,0.93
3,82,0.95,0.35,0.6,76.6,No,52,"6/20/2025",77.7,0.93
3,79,0.94,0.35,0.6,76.6,No,52,"6/20/2025",77.7,0.93
3,80,0.95,0.35,0.6,76.6,No,52,"6/20/2025",77.7,0.93
3,86,0.96,0.35,0.6,76.6,No,52,"6/20/2025",77.7,0.93
3,85,0.96,0.35,0.6,76.6,No,52,"6/20/2025",77.7,0.93
3,74,0.92,0.35,0.6,76.6,No,52,"6/20/2025",77.7,0.93
3,75,0.92,0.35,0.6,76.6,No,52,"6/20/2025",77.7,0.93
5,71,0.89,0.65,0.0,62.7,No,65,"6/20/2025",77.7,0.93
5,72,0.9,0.65,0.0,62.7,No,65,"6/20/2025",77.7,0.93
5,94,0.98,0.65,0.0,62.7,No,65,"6/20/2025",77.7,0.93
5,80,0.93,0.65,0.0,62.7,No,65,"6/20/2025",77.7,0.93
5,78,0.93,0.65,0.0,62.7,No,65,"6/20/2025",77.7,0.93
5,67,0.88,0.65,0.0,62.7,No,65,"6/20/2025",77.7,0.93
5,86,0.95,0.65,0.0,62.7,No,65,"6/20/2025",77.7,0.93
5,68,0.9,0.65,0.0,62.7,No,65,"6/20/2025",77.7,0.93
5,67,0.88,0.65,0.0,62.7,No,65,"6/20/2025",77.7,0.93
5,89,0.95,0.65,0.0,62.7,No,65,"6/20/2025",77.7,0.93
11,80,0.87,0.3,2.1,69.3,Low,50,"6/21/2025",82.0,0.92
11,78,0.89,0.3,2.1,69.3,Low,50,"6/21/2025",82.0,0.92
11,72,0.86,0.3,2.1,69.3,Low,50,"6/21/2025",82.0,0.92
11,90,0.93,0.3,2.1,69.3,Low,50,"6/21/2025",82.0,0.92
11,75,0.88,0.3,2.1,69.3,Low,50,"6/21/2025",82.0,0.92
11,85,0.92,0.3,2.1,69.3,Low,50,"6/21/2025",82.0,0.92
11,80,0.9,0.3,2.1,69.3,Low,50,"6/21/2025",82.0,0.92
11,78,0.88,0.3,2.1,69.3,Low,50,"6/21/2025",82.0,0.92
11,81,0.9,0.3,2.1,69.3,Low,50,"6/21/2025",82.0,0.92
11,92,0.94,0.3,2.1,69.3,Low,50,"6/21/2025",82.0,0.92
11,83,0.92,0.3,2.1,69.3,Low,50,"6/21/2025",82.0,0.92
11,91,0.95,0.3,2.1,69.3,Low,50,"6/21/2025",82.0,0.92
11,82,0.89,0.3,2.1,69.3,Low,50,"6/21/2025",82.0,0.92
11,66,0.84,0.3,2.1,69.3,Low,50,"6/21/2025",82.0,0.92
11,87,0.93,0.3,2.1,69.3,Low,50,"6/21/2025",82.0,0.92
11,89,0.94,0.3,2.1,69.3,Low,50,"6/21/2025",82.0,0.92
11,79,0.91,0.3,2.1,69.3,Low,50,"6/21/2025",82.0,0.92
11,71,0.86,0.3,2.1,69.3,Low,50,"6/21/2025",82.0,0.92
11,94,0.94,0.3,2.1,69.3,Low,50,"6/21/2025",82.0,0.92
11,96,0.97,0.3,2.1,69.3,Low,50,"6/21/2025",82.0,0.92
11,92,0.94,0.3,2.1,69.3,Low,50,"6/21/2025",82.0,0.92
11,88,0.95,0.3,2.1,69.3,Low,50,"6/21/2025",82.0,0.92
11,79,0.91,0.3,2.1,69.3,Low,50,"6/21/2025",82.0,0.92
11,82,0.92,0.3,2.1,69.3,Low,50,"6/21/2025",82.0,0.92
11,78,0.88,0.3,2.1,69.3,Low,50,"6/21/2025",82.0,0.92
11,89,0.93,0.3,2.1,69.3,Low,50,"6/21/2025",82.0,0.92
11,88,0.94,0.3,2.1,69.3,Low,50,"6/21/2025",82.0,0.92
11,76,0.9,0.3,2.1,69.3,Low,50,"6/21/2025",82.0,0.92
11,92,0.97,0.3,2.1,69.3,Low,50,"6/21/2025",82.0,0.92
11,94,0.96,0.3,2.1,69.3,Low,50,"6/21/2025",82.0,0.92
11,86,0.95,0.3,2.1,69.3,Low,50,"6/21/2025",82.0,0.92
11,87,0.95,0.3,2.1,69.3,Low,50,"6/21/2025",82.0,0.92
11,83,0.94,0.3,2.1,69.3,Low,50,"6/21/2025",82.0,0.92
11,80,0.85,0.3,2.1,69.3,Low,50,"6/21/2025",82.0,0.92
11,88,0.93,0.3,2.1,69.3,Low,50,"6/21/2025",82.0,0.92
11,81,0.92,0.3,2.1,69.3,Low,50,"6/21/2025",82.0,0.92
11,82,0.9,0.3,2.1,69.3,Low,50,"6/21/2025",82.0,0.92
11,95,0.95,0.3,2.1,69.3,Low,50,"6/21/2025",82.0,0.92
11,82,0.93,0.3,2.1,69.3,Low,50,"6/21/2025",82.0,0.92
11,82,0.93,0.3,2.1,69.3,Low,50,"6/21/2025",82.0,0.92
11,70,0.86,0.3,2.1,69.3,Low,50,"6/21/2025",82.0,0.92
11,70,0.88,0.3,2.1,69.3,Low,50,"6/21/2025",82.0,0.92
11,83,0.93,0.3,2.1,69.3,Low,50,"6/21/2025",82.0,0.92
11,75,0.9,0.3,2.1,69.3,Low,50,"6/21/2025",82.0,0.92
11,75,0.91,0.3,2.1,69.3,Low,50,"6/21/2025",82.0,0.92
11,65,0.88,0.3,2.1,69.3,Low,50,"6/21/2025",82.0,0.92
11,79,0.94,0.3,2.1,69.3,Low,50,"6/21/2025",82.0,0.92
11,85,0.95,0.3,2.1,69.3,Low,50,"6/21/2025",82.0,0.92
11,74,0.89,0.3,2.1,69.3,Low,50,"6/21/2025",82.0,0.92
11,89,0.96,0.3,2.1,69.3,Low,50,"6/21/2025",82.0,0.92
5,81,0.93,0.65,0.0,62.7,No,65,"6/21/2025",82.0,0.92
5,76,0.88,0.65,0.0,62.7,No,65,"6/21/2025",82.0,0.92
5,85,0.92,0.65,0.0,62.7,No,65,"6/21/2025",82.0,0.92
5,76,0.89,0.65,0.0,62.7,No,65,"6/21/2025",82.0,0.92
5,79,0.92,0.65,0.0,62.7,No,65,"6/21/2025",82.0,0.92
5,78,0.9,0.65,0.0,62.7,No,65,"6/21/2025",82.0,0.92
5,76,0.92,0.65,0.0,62.7,No,65,"6/21/2025",82.0,0.92
5,73,0.88,0.65,0.0,62.7,No,65,"6/21/2025",82.0,0.92
5,97,0.96,0.65,0.0,62.7,No,65,"6/21/2025",82.0,0.92
5,82,0.92,0.65,0.0,62.7,No,65,"6/21/2025",82.0,0.92
4,87,0.95,0.5,2.7,70.9,Large,60,"6/22/2025",84.3,0.93
4,88,0.95,0.5,2.7,70.9,Large,60,"6/22/2025",84.3,0.93
4,80,0.88,0.5,2.7,70.9,Large,60,"6/22/2025",84.3,0.93
4,75,0.9,0.5,2.7,70.9,Large,60,"6/22/2025",84.3,0.93
4,92,0.94,0.5,2.7,70.9,Large,60,"6/22/2025",84.3,0.93
4,79,0.92,0.5,2.7,70.9,Large,60,"6/22/2025",84.3,0.93
4,90,0.94,0.5,2.7,70.9,Large,60,"6/22/2025",84.3,0.93
4,90,0.97,0.5,2.7,70.9,Large,60,"6/22/2025",84.3,0.93
4,94,0.96,0.5,2.7,70.9,Large,60,"6/22/2025",84.3,0.93
4,84,0.89,0.5,2.7,70.9,Large,60,"6/22/2025",84.3,0.93
4,73,0.86,0.5,2.7,70.9,Large,60,"6/22/2025",84.3,0.93
4,87,0.95,0.5,2.7,70.9,Large,60,"6/22/2025",84.3,0.93
4,88,0.93,0.5,2.7,70.9,Large,60,"6/22/2025",84.3,0.93
4,78,0.89,0.5,2.7,70.9,Large,60,"6/22/2025",84.3,0.93
4,81,0.9,0.5,2.7,70.9,Large,60,"6/22/2025",84.3,0.93
4,92,0.94,0.5,2.7,70.9,Large,60,"6/22/2025",84.3,0.93
4,84,0.93,0.5,2.7,70.9,Large,60,"6/22/2025",84.3,0.93
4,76,0.82,0.5,2.7,70.9,Large,60,"6/22/2025",84.3,0.93
4,95,0.94,0.5,2.7,70.9,Large,60,"6/22/2025",84.3,0.93
4,82,0.92,0.5,2.7,70.9,Large,60,"6/22/2025",84.3,0.93
4,73,0.85,0.5,2.7,70.9,Large,60,"6/22/2025",84.3,0.93
4,79,0.9,0.5,2.7,70.9,Large,60,"6/22/2025",84.3,0.93
4,96,0.95,0.5,2.7,70.9,Large,60,"6/22/2025",84.3,0.93
4,88,0.92,0.5,2.7,70.9,Large,60,"6/22/2025",84.3,0.93
4,82,0.93,0.5,2.7,70.9,Large,60,"6/22/2025",84.3,0.93
4,76,0.91,0.5,2.7,70.9,Large,60,"6/22/2025",84.3,0.93
4,91,0.93,0.5,2.7,70.9,Large,60,"6/22/2025",84.3,0.93
4,78,0.9,0.5,2.7,70.9,Large,60,"6/22/2025",84.3,0.93
4,86,0.94,0.5,2.7,70.9,Large,60,"6/22/2025",84.3,0.93
4,75,0.88,0.5,2.7,70.9,Large,60,"6/22/2025",84.3,0.93
4,80,0.89,0.5,2.7,70.9,Large,60,"6/22/2025",84.3,0.93
4,84,0.94,0.5,2.7,70.9,Large,60,"6/22/2025",84.3,0.93
4,94,0.95,0.5,2.7,70.9,Large,60,"6/22/2025",84.3,0.93
4,84,0.92,0.5,2.7,70.9,Large,60,"6/22/2025",84.3,0.93
4,87,0.91,0.5,2.7,70.9,Large,60,"6/22/2025",84.3,0.93
4,80,0.9,0.5,2.7,70.9,Large,60,"6/22/2025",84.3,0.93
4,84,0.92,0.5,2.7,70.9,Large,60,"6/22/2025",84.3,0.93
4,82,0.92,0.5,2.7,70.9,Large,60,"6/22/2025",84.3,0.93
4,92,0.93,0.5,2.7,70.9,Large,60,"6/22/2025",84.3,0.93
4,91,0.95,0.5,2.7,70.9,Large,60,"6/22/2025",84.3,0.93
4,81,0.91,0.5,2.7,70.9,Large,60,"6/22/2025",84.3,0.93
4,84,0.92,0.5,2.7,70.9,Large,60,"6/22/2025",84.3,0.93
4,84,0.96,0.5,2.7,70.9,Large,60,"6/22/2025",84.3,0.93
4,89,0.95,0.5,2.7,70.9,Large,60,"6/22/2025",84.3,0.93
4,81,0.89,0.5,2.7,70.9,Large,60,"6/22/2025",84.3,0.93
4,86,0.96,0.5,2.7,70.9,Large,60,"6/22/2025",84.3,0.93
4,86,0.93,0.5,2.7,70.9,Large,60,"6/22/2025",84.3,0.93
4,99,0.99,0.5,2.7,70.9,Large,60,"6/22/2025",84.3,0.93
4,85,0.92,0.5,2.7,70.9,Large,60,"6/22/2025",84.3,0.93
4,86,0.94,0.5,2.7,70.9,Large,60,"6/22/2025",84.3,0.93
5,84,0.92,0.65,0.0,62.7,No,65,"6/22/2025",84.3,0.93
5,85,0.95,0.65,0.0,62.7,No,65,"6/22/2025",84.3,0.93
5,76,0.94,0.65,0.0,62.7,No,65,"6/22/2025",84.3,0.93
5,80,0.96,0.65,0.0,62.7,No,65,"6/22/2025",84.3,0.93
5,82,0.95,0.65,0.0,62.7,No,65,"6/22/2025",84.3,0.93
5,84,0.94,0.65,0.0,62.7,No,65,"6/22/2025",84.3,0.93
5,77,0.94,0.65,0.0,62.7,No,65,"6/22/2025",84.3,0.93
5,87,0.95,0.65,0.0,62.7,No,65,"6/22/2025",84.3,0.93
5,88,0.95,0.65,0.0,62.7,No,65,"6/22/2025",84.3,0.93
5,78,0.93,0.65,0.0,62.7,No,65,"6/22/2025",84.3,0.93
2,81,0.89,0.32,2.0,71.2,No,62,"6/23/2025",86.5,0.93
2,94,0.96,0.32,2.0,71.2,No,62,"6/23/2025",86.5,0.93
2,100,0.97,0.32,2.0,71.2,No,62,"6/23/2025",86.5,0.93
2,82,0.94,0.32,2.0,71.2,No,62,"6/23/2025",86.5,0.93
2,79,0.93,0.32,2.0,71.2,No,62,"6/23/2025",86.5,0.93
2,82,0.89,0.32,2.0,71.2,No,62,"6/23/2025",86.5,0.93
2,99,0.98,0.32,2.0,71.2,No,62,"6/23/2025",86.5,0.93
2,90,0.94,0.32,2.0,71.2,No,62,"6/23/2025",86.5,0.93
2,94,0.96,0.32,2.0,71.2,No,62,"6/23/2025",86.5,0.93
2,78,0.9,0.32,2.0,71.2,No,62,"6/23/2025",86.5,0.93
2,84,0.91,0.32,2.0,71.2,No,62,"6/23/2025",86.5,0.93
2,84,0.91,0.32,2.0,71.2,No,62,"6/23/2025",86.5,0.93
2,83,0.93,0.32,2.0,71.2,No,62,"6/23/2025",86.5,0.93
2,92,0.95,0.32,2.0,71.2,No,62,"6/23/2025",86.5,0.93
2,94,0.94,0.32,2.0,71.2,No,62,"6/23/2025",86.5,0.93
2,80,0.93,0.32,2.0,71.2,No,62,"6/23/2025",86.5,0.93
2,80,0.89,0.32,2.0,71.2,No,62,"6/23/2025",86.5,0.93
2,94,0.94,0.32,2.0,71.2,No,62,"6/23/2025",86.5,0.93
2,90,0.92,0.32,2.0,71.2,No,62,"6/23/2025",86.5,0.93
2,85,0.9,0.32,2.0,71.2,No,62,"6/23/2025",86.5,0.93
2,76,0.9,0.32,2.0,71.2,No,62,"6/23/2025",86.5,0.93
2,88,0.94,0.32,2.0,71.2,No,62,"6/23/2025",86.5,0.93
2,87,0.93,0.32,2.0,71.2,No,62,"6/23/2025",86.5,0.93
2,89,0.89,0.32,2.0,71.2,No,62,"6/23/2025",86.5,0.93
2,93,0.94,0.32,2.0,71.2,No,62,"6/23/2025",86.5,0.93
2,84,0.91,0.32,2.0,71.2,No,62,"6/23/2025",86.5,0.93
2,85,0.88,0.32,2.0,71.2,No,62,"6/23/2025",86.5,0.93
2,91,0.95,0.32,2.0,71.2,No,62,"6/23/2025",86.5,0.93
2,90,0.92,0.32,2.0,71.2,No,62,"6/23/2025",86.5,0.93
2,68,0.86,0.32,2.0,71.2,No,62,"6/23/2025",86.5,0.93
2,91,0.93,0.32,2.0,71.2,No,62,"6/23/2025",86.5,0.93
2,74,0.84,0.32,2.0,71.2,No,62,"6/23/2025",86.5,0.93
2,101,0.97,0.32,2.0,71.2,No,62,"6/23/2025",86.5,0.93
2,85,0.92,0.32,2.0,71.2,No,62,"6/23/2025",86.5,0.93
2,80,0.93,0.32,2.0,71.2,No,62,"6/23/2025",86.5,0.93
2,93,0.93,0.32,2.0,71.2,No,62,"6/23/2025",86.5,0.93
2,82,0.9,0.32,2.0,71.2,No,62,"6/23/2025",86.5,0.93
2,82,0.91,0.32,2.0,71.2,No,62,"6/23/2025",86.5,0.93
2,94,0.96,0.32,2.0,71.2,No,62,"6/23/2025",86.5,0.93
2,92,0.92,0.32,2.0,71.2,No,62,"6/23/2025",86.5,0.93
2,97,0.96,0.32,2.0,71.2,No,62,"6/23/2025",86.5,0.93
2,89,0.94,0.32,2.0,71.2,No,62,"6/23/2025",86.5,0.93
2,76,0.87,0.32,2.0,71.2,No,62,"6/23/2025",86.5,0.93
2,85,0.92,0.32,2.0,71.2,No,62,"6/23/2025",86.5,0.93
2,89,0.94,0.32,2.0,71.2,No,62,"6/23/2025",86.5,0.93
2,91,0.95,0.32,2.0,71.2,No,62,"6/23/2025",86.5,0.93
2,94,0.95,0.32,2.0,71.2,No,62,"6/23/2025",86.5,0.93
2,80,0.9,0.32,2.0,71.2,No,62,"6/23/2025",86.5,0.93
2,81,0.89,0.32,2.0,71.2,No,62,"6/23/2025",86.5,0.93
2,87,0.92,0.32,2.0,71.2,No,62,"6/23/2025",86.5,0.93
5,82,0.95,0.65,0.0,62.7,No,65,"6/23/2025",86.5,0.93
5,91,0.96,0.65,0.0,62.7,No,65,"6/23/2025",86.5,0.93
5,84,0.93,0.65,0.0,62.7,No,65,"6/23/2025",86.5,0.93
5,71,0.89,0.65,0.0,62.7,No,65,"6/23/2025",86.5,0.93
5,90,0.93,0.65,0.0,62.7,No,65,"6/23/2025",86.5,0.93
5,80,0.9,0.65,0.0,62.7,No,65,"6/23/2025",86.5,0.93
5,93,0.96,0.65,0.0,62.7,No,65,"6/23/2025",86.5,0.93
5,85,0.94,0.65,0.0,62.7,No,65,"6/23/2025",86.5,0.93
5,86,0.95,0.65,0.0,62.7,No,65,"6/23/2025",86.5,0.93
5,86,0.94,0.65,0.0,62.7,No,65,"6/23/2025",86.5,0.93
13,78,0.9,0.7,-1.1,68.0,No,67,"6/24/2025",81.2,0.91
13,92,0.95,0.7,-1.1,68.0,No,67,"6/24/2025",81.2,0.91
13,85,0.92,0.7,-1.1,68.0,No,67,"6/24/2025",81.2,0.91
13,69,0.85,0.7,-1.1,68.0,No,67,"6/24/2025",81.2,0.91
13,88,0.96,0.7,-1.1,68.0,No,67,"6/24/2025",81.2,0.91
13,74,0.9,0.7,-1.1,68.0,No,67,"6/24/2025",81.2,0.91
13,78,0.9,0.7,-1.1,68.0,No,67,"6/24/2025",81.2,0.91
13,80,0.93,0.7,-1.1,68.0,No,67,"6/24/2025",81.2,0.91
13,81,0.93,0.7,-1.1,68.0,No,67,"6/24/2025",81.2,0.91
13,62,0.86,0.7,-1.1,68.0,No,67,"6/24/2025",81.2,0.91
13,79,0.9,0.7,-1.1,68.0,No,67,"6/24/2025",81.2,0.91
13,86,0.94,0.7,-1.1,68.0,No,67,"6/24/2025",81.2,0.91
13,76,0.88,0.7,-1.1,68.0,No,67,"6/24/2025",81.2,0.91
13,86,0.93,0.7,-1.1,68.0,No,67,"6/24/2025",81.2,0.91
13,88,0.96,0.7,-1.1,68.0,No,67,"6/24/2025",81.2,0.91
13,75,0.92,0.7,-1.1,68.0,No,67,"6/24/2025",81.2,0.91
13,75,0.89,0.7,-1.1,68.0,No,67,"6/24/2025",81.2,0.91
13,92,0.97,0.7,-1.1,68.0,No,67,"6/24/2025",81.2,0.91
13,72,0.89,0.7,-1.1,68.0,No,67,"6/24/2025",81.2,0.91
13,81,0.88,0.7,-1.1,68.0,No,67,"6/24/2025",81.2,0.91
13,82,0.91,0.7,-1.1,68.0,No,67,"6/24/2025",81.2,0.91
13,91,0.94,0.7,-1.1,68.0,No,67,"6/24/2025",81.2,0.91
13,84,0.94,0.7,-1.1,68.0,No,67,"6/24/2025",81.2,0.91
13,80,0.9,0.7,-1.1,68.0,No,67,"6/24/2025",81.2,0.91
13,79,0.85,0.7,-1.1,68.0,No,67,"6/24/2025",81.2,0.91
13,83,0.89,0.7,-1.1,68.0,No,67,"6/24/2025",81.2,0.91
13,82,0.92,0.7,-1.1,68.0,No,67,"6/24/2025",81.2,0.91
13,69,0.87,0.7,-1.1,68.0,No,67,"6/24/2025",81.2,0.91
13,71,0.84,0.7,-1.1,68.0,No,67,"6/24/2025",81.2,0.91
13,79,0.9,0.7,-1.1,68.0,No,67,"6/24/2025",81.2,0.91
13,67,0.85,0.7,-1.1,68.0,No,67,"6/24/2025",81.2,0.91
13,73,0.86,0.7,-1.1,68.0,No,67,"6/24/2025",81.2,0.91
13,75,0.9,0.7,-1.1,68.0,No,67,"6/24/2025",81.2,0.91
13,81,0.9,0.7,-1.1,68.0,No,67,"6/24/2025",81.2,0.91
13,79,0.94,0.7,-1.1,68.0,No,67,"6/24/2025",81.2,0.91
13,92,0.93,0.7,-1.1,68.0,No,67,"6/24/2025",81.2,0.91
13,68,0.89,0.7,-1.1,68.0,No,67,"6/24/2025",81.2,0.91
13,80,0.92,0.7,-1.1,68.0,No,67,"6/24/2025",81.2,0.91
13,74,0.9,0.7,-1.1,68.0,No,67,"6/24/2025",81.2,0.91
13,80,0.92,0.7,-1.1,68.0,No,67,"6/24/2025",81.2,0.91
13,84,0.92,0.7,-1.1,68.0,No,67,"6/24/2025",81.2,0.91
13,88,0.93,0.7,-1.1,68.0,No,67,"6/24/2025",81.2,0.91
13,79,0.88,0.7,-1.1,68.0,No,67,"6/24/2025",81.2,0.91
13,77,0.92,0.7,-1.1,68.0,No,67,"6/24/2025",81.2,0.91
13,92,0.94,0.7,-1.1,68.0,No,67,"6/24/2025",81.2,0.91
13,85,0.9,0.7,-1.1,68.0,No,67,"6/24/2025",81.2,0.91
13,85,0.95,0.7,-1.1,68.0,No,67,"6/24/2025",81.2,0.91
13,82,0.93,0.7,-1.1,68.0,No,67,"6/24/2025",81.2,0.91
13,82,0.9,0.7,-1.1,68.0,No,67,"6/24/2025",81.2,0.91
13,88,0.94,0.7,-1.1,68.0,No,67,"6/24/2025",81.2,0.91
5,90,0.92,0.65,0.0,62.7,No,65,"6/24/2025",81.2,0.91
5,87,0.94,0.65,0.0,62.7,No,65,"6/24/2025",81.2,0.91
5,80,0.89,0.65,0.0,62.7,No,65,"6/24/2025",81.2,0.91
5,93,0.95,0.65,0.0,62.7,No,65,"6/24/2025",81.2,0.91
5,78,0.89,0.65,0.0,62.7,No,65,"6/24/2025",81.2,0.91
5,86,0.95,0.65,0.0,62.7,No,65,"6/24/2025",81.2,0.91
5,95,0.97,0.65,0.0,62.7,No,65,"6/24/2025",81.2,0.91
5,88,0.95,0.65,0.0,62.7,No,65,"6/24/2025",81.2,0.91
5,72,0.87,0.65,0.0,62.7,No,65,"6/24/2025",81.2,0.91
5,92,0.94,0.65,0.0,62.7,No,65,"6/24/2025",81.2,0.91
10,78,0.9,0.6,3.4,70.0,Large,60,"6/25/2025",86.1,0.93
10,80,0.9,0.6,3.4,70.0,Large,60,"6/25/2025",86.1,0.93
10,80,0.89,0.6,3.4,70.0,Large,60,"6/25/2025",86.1,0.93
10,96,0.97,0.6,3.4,70.0,Large,60,"6/25/2025",86.1,0.93
10,89,0.91,0.6,3.4,70.0,Large,60,"6/25/2025",86.1,0.93
10,81,0.93,0.6,3.4,70.0,Large,60,"6/25/2025",86.1,0.93
10,77,0.89,0.6,3.4,70.0,Large,60,"6/25/2025",86.1,0.93
10,86,0.92,0.6,3.4,70.0,Large,60,"6/25/2025",86.1,0.93
10,84,0.9,0.6,3.4,70.0,Large,60,"6/25/2025",86.1,0.93
10,98,0.98,0.6,3.4,70.0,Large,60,"6/25/2025",86.1,0.93
10,97,0.98,0.6,3.4,70.0,Large,60,"6/25/2025",86.1,0.93
10,76,0.87,0.6,3.4,70.0,Large,60,"6/25/2025",86.1,0.93
10,80,0.91,0.6,3.4,70.0,Large,60,"6/25/2025",86.1,0.93
10,86,0.91,0.6,3.4,70.0,Large,60,"6/25/2025",86.1,0.93
10,82,0.9,0.6,3.4,70.0,Large,60,"6/25/2025",86.1,0.93
10,71,0.86,0.6,3.4,70.0,Large,60,"6/25/2025",86.1,0.93
10,84,0.94,0.6,3.4,70.0,Large,60,"6/25/2025",86.1,0.93
10,92,0.94,0.6,3.4,70.0,Large,60,"6/25/2025",86.1,0.93
10,77,0.9,0.6,3.4,70.0,Large,60,"6/25/2025",86.1,0.93
10,84,0.92,0.6,3.4,70.0,Large,60,"6/25/2025",86.1,0.93
10,73,0.9,0.6,3.4,70.0,Large,60,"6/25/2025",86.1,0.93
10,96,0.96,0.6,3.4,70.0,Large,60,"6/25/2025",86.1,0.93
10,90,0.95,0.6,3.4,70.0,Large,60,"6/25/2025",86.1,0.93
10,84,0.92,0.6,3.4,70.0,Large,60,"6/25/2025",86.1,0.93
10,90,0.94,0.6,3.4,70.0,Large,60,"6/25/2025",86.1,0.93
10,98,0.98,0.6,3.4,70.0,Large,60,"6/25/2025",86.1,0.93
10,97,0.96,0.6,3.4,70.0,Large,60,"6/25/2025",86.1,0.93
10,84,0.93,0.6,3.4,70.0,Large,60,"6/25/2025",86.1,0.93
10,84,0.95,0.6,3.4,70.0,Large,60,"6/25/2025",86.1,0.93
10,94,0.97,0.6,3.4,70.0,Large,60,"6/25/2025",86.1,0.93
10,88,0.94,0.6,3.4,70.0,Large,60,"6/25/2025",86.1,0.93
10,83,0.92,0.6,3.4,70.0,Large,60,"6/25/2025",86.1,0.93
10,86,0.94,0.6,3.4,70.0,Large,60,"6/25/2025",86.1,0.93
10,89,0.93,0.6,3.4,70.0,Large,60,"6/25/2025",86.1,0.93
10,88,0.95,0.6,3.4,70.0,Large,60,"6/25/2025",86.1,0.93
10,85,0.94,0.6,3.4,70.0,Large,60,"6/25/2025",86.1,0.93
10,86,0.91,0.6,3.4,70.0,Large,60,"6/25/2025",86.1,0.93
10,92,0.97,0.6,3.4,70.0,Large,60,"6/25/2025",86.1,0.93
10,89,0.96,0.6,3.4,70.0,Large,60,"6/25/2025",86.1,0.93
10,76,0.87,0.6,3.4,70.0,Large,60,"6/25/2025",86.1,0.93
10,78,0.9,0.6,3.4,70.0,Large,60,"6/25/2025",86.1,0.93
10,96,0.98,0.6,3.4,70.0,Large,60,"6/25/2025",86.1,0.93
10,89,0.94,0.6,3.4,70.0,Large,60,"6/25/2025",86.1,0.93
10,97,0.96,0.6,3.4,70.0,Large,60,"6/25/2025",86.1,0.93
10,91,0.93,0.6,3.4,70.0,Large,60,"6/25/2025",86.1,0.93
10,91,0.95,0.6,3.4,70.0,Large,60,"6/25/2025",86.1,0.93
10,93,0.96,0.6,3.4,70.0,Large,60,"6/25/2025",86.1,0.93
10,95,0.98,0.6,3.4,70.0,Large,60,"6/25/2025",86.1,0.93
10,84,0.94,0.6,3.4,70.0,Large,60,"6/25/2025",86.1,0.93
10,90,0.93,0.6,3.4,70.0,Large,60,"6/25/2025",86.1,0.93
5,74,0.87,0.65,0.0,62.7,No,65,"6/25/2025",86.1,0.93
5,77,0.88,0.65,0.0,62.7,No,65,"6/25/2025",86.1,0.93
5,79,0.88,0.65,0.0,62.7,No,65,"6/25/2025",86.1,0.93
5,78,0.91,0.65,0.0,62.7,No,65,"6/25/2025",86.1,0.93
5,88,0.94,0.65,0.0,62.7,No,65,"6/25/2025",86.1,0.93
5,89,0.95,0.65,0.0,62.7,No,65,"6/25/2025",86.1,0.93
5,88,0.94,0.65,0.0,62.7,No,65,"6/25/2025",86.1,0.93
5,83,0.95,0.65,0.0,62.7,No,65,"6/25/2025",86.1,0.93
5,90,0.97,0.65,0.0,62.7,No,65,"6/25/2025",86.1,0.93
5,87,0.9,0.65,0.0,62.7,No,65,"6/25/2025",86.1,0.93
9,94,0.95,0.35,2.9,70.9,No,52,"6/26/2025",83.4,0.92
9,81,0.91,0.35,2.9,70.9,No,52,"6/26/2025",83.4,0.92
9,76,0.86,0.35,2.9,70.9,No,52,"6/26/2025",83.4,0.92
9,86,0.9,0.35,2.9,70.9,No,52,"6/26/2025",83.4,0.92
9,83,0.91,0.35,2.9,70.9,No,52,"6/26/2025",83.4,0.92
9,78,0.92,0.35,2.9,70.9,No,52,"6/26/2025",83.4,0.92
9,87,0.94,0.35,2.9,70.9,No,52,"6/26/2025",83.4,0.92
9,87,0.95,0.35,2.9,70.9,No,52,"6/26/2025",83.4,0.92
9,82,0.94,0.35,2.9,70.9,No,52,"6/26/2025",83.4,0.92
9,78,0.93,0.35,2.9,70.9,No,52,"6/26/2025",83.4,0.92
9,77,0.89,0.35,2.9,70.9,No,52,"6/26/2025",83.4,0.92
9,88,0.91,0.35,2.9,70.9,No,52,"6/26/2025",83.4,0.92
9,93,0.96,0.35,2.9,70.9,No,52,"6/26/2025",83.4,0.92
9,77,0.89,0.35,2.9,70.9,No,52,"6/26/2025",83.4,0.92
9,73,0.87,0.35,2.9,70.9,No,52,"6/26/2025",83.4,0.92
9,86,0.92,0.35,2.9,70.9,No,52,"6/26/2025",83.4,0.92
9,86,0.91,0.35,2.9,70.9,No,52,"6/26/2025",83.4,0.92
9,99,0.97,0.35,2.9,70.9,No,52,"6/26/2025",83.4,0.92
9,88,0.96,0.35,2.9,70.9,No,52,"6/26/2025",83.4,0.92
9,74,0.85,0.35,2.9,70.9,No,52,"6/26/2025",83.4,0.92
9,84,0.9,0.35,2.9,70.9,No,52,"6/26/2025",83.4,0.92
9,84,0.94,0.35,2.9,70.9,No,52,"6/26/2025",83.4,0.92
9,82,0.93,0.35,2.9,70.9,No,52,"6/26/2025",83.4,0.92
9,86,0.91,0.35,2.9,70.9,No,52,"6/26/2025",83.4,0.92
9,98,0.95,0.35,2.9,70.9,No,52,"6/26/2025",83.4,0.92
9,91,0.95,0.35,2.9,70.9,No,52,"6/26/2025",83.4,0.92
9,88,0.93,0.35,2.9,70.9,No,52,"6/26/2025",83.4,0.92
9,89,0.96,0.35,2.9,70.9,No,52,"6/26/2025",83.4,0.92
9,87,0.96,0.35,2.9,70.9,No,52,"6/26/2025",83.4,0.92
9,78,0.88,0.35,2.9,70.9,No,52,"6/26/2025",83.4,0.92
9,92,0.96,0.35,2.9,70.9,No,52,"6/26/2025",83.4,0.92
9,74,0.87,0.35,2.9,70.9,No,52,"6/26/2025",83.4,0.92
9,90,0.96,0.35,2.9,70.9,No,52,"6/26/2025",83.4,0.92
9,86,0.94,0.35,2.9,70.9,No,52,"6/26/2025",83.4,0.92
9,82,0.89,0.35,2.9,70.9,No,52,"6/26/2025",83.4,0.92
9,83,0.96,0.35,2.9,70.9,No,52,"6/26/2025",83.4,0.92
9,82,0.89,0.35,2.9,70.9,No,52,"6/26/2025",83.4,0.92
9,73,0.87,0.35,2.9,70.9,No,52,"6/26/2025",83.4,0.92
9,90,0.96,0.35,2.9,70.9,No,52,"6/26/2025",83.4,0.92
9,81,0.89,0.35,2.9,70.9,No,52,"6/26/2025",83.4,0.92
9,90,0.97,0.35,2.9,70.9,No,52,"6/26/2025",83.4,0.92
9,73,0.86,0.35,2.9,70.9,No,52,"6/26/2025",83.4,0.92
9,89,0.93,0.35,2.9,70.9,No,52,"6/26/2025",83.4,0.92
9,72,0.85,0.35,2.9,70.9,No,52,"6/26/2025",83.4,0.92
9,76,0.88,0.35,2.9,70.9,No,52,"6/26/2025",83.4,0.92
9,84,0.9,0.35,2.9,70.9,No,52,"6/26/2025",83.4,0.92
9,95,0.95,0.35,2.9,70.9,No,52,"6/26/2025",83.4,0.92
9,83,0.93,0.35,2.9,70.9,No,52,"6/26/2025",83.4,0.92
9,71,0.85,0.35,2.9,70.9,No,52,"6/26/2025",83.4,0.92
9,90,0.94,0.35,2.9,70.9,No,52,"6/26/2025",83.4,0.92
5,73,0.89,0.65,0.0,62.7,No,65,"6/26/2025",83.4,0.92
5,77,0.89,0.65,0.0,62.7,No,65,"6/26/2025",83.4,0.92
5,82,0.93,0.65,0.0,62.7,No,65,"6/26/2025",83.4,0.92
5,81,0.92,0.65,0.0,62.7,No,65,"6/26/2025",83.4,0.92
5,95,0.97,0.65,0.0,62.7,No,65,"6/26/2025",83.4,0.92
5,77,0.91,0.65,0.0,62.7,No,65,"6/26/2025",83.4,0.92
5,89,0.97,0.65,0.0,62.7,No,65,"6/26/2025",83.4,0.92
5,68,0.87,0.65,0.0,62.7,No,65,"6/26/2025",83.4,0.92
5,82,0.92,0.65,0.0,62.7,No,65,"6/26/2025",83.4,0.92
5,86,0.93,0.65,0.0,62.7,No,65,"6/26/2025",83.4,0.92
13,92,0.94,0.7,-1.1,68.0,No,67,"6/27/2025",81.2,0.91
13,76,0.89,0.7,-1.1,68.0,No,67,"6/27/2025",81.2,0.91
13,92,0.93,0.7,-1.1,68.0,No,67,"6/27/2025",81.2,0.91
13,75,0.9,0.7,-1.1,68.0,No,67,"6/27/2025",81.2,0.91
13,87,0.93,0.7,-1.1,68.0,No,67,"6/27/2025",81.2,0.91
13,91,0.96,0.7,-1.1,68.0,No,67,"6/27/2025",81.2,0.91
13,64,0.84,0.7,-1.1,68.0,No,67,"6/27/2025",81.2,0.91
13,84,0.92,0.7,-1.1,68.0,No,67,"6/27/2025",81.2,0.91
13,89,0.95,0.7,-1.1,68.0,No,67,"6/27/2025",81.2,0.91
13,79,0.9,0.7,-1.1,68.0,No,67,"6/27/2025",81.2,0.91
13,84,0.92,0.7,-1.1,68.0,No,67,"6/27/2025",81.2,0.91
13,72,0.89,0.7,-1.1,68.0,No,67,"6/27/2025",81.2,0.91
13,80,0.89,0.7,-1.1,68.0,No,67,"6/27/2025",81.2,0.91
13,80,0.92,0.7,-1.1,68.0,No,67,"6/27/2025",81.2,0.91
13,82,0.92,0.7,-1.1,68.0,No,67,"6/27/2025",81.2,0.91
13,89,0.96,0.7,-1.1,68.0,No,67,"6/27/2025",81.2,0.91
13,80,0.92,0.7,-1.1,68.0,No,67,"6/27/2025",81.2,0.91
13,94,0.98,0.7,-1.1,68.0,No,67,"6/27/2025",81.2,0.91
13,86,0.94,0.7,-1.1,68.0,No,67,"6/27/2025",81.2,0.91
13,89,0.94,0.7,-1.1,68.0,No,67,"6/27/2025",81.2,0.91
13,82,0.91,0.7,-1.1,68.0,No,67,"6/27/2025",81.2,0.91
13,88,0.93,0.7,-1.1,68.0,No,67,"6/27/2025",81.2,0.91
13,76,0.91,0.7,-1.1,68.0,No,67,"6/27/2025",81.2,0.91
13,91,0.97,0.7,-1.1,68.0,No,67,"6/27/2025",81.2,0.91
13,73,0.82,0.7,-1.1,68.0,No,67,"6/27/2025",81.2,0.91
13,80,0.87,0.7,-1.1,68.0,No,67,"6/27/2025",81.2,0.91
13,61,0.84,0.7,-1.1,68.0,No,67,"6/27/2025",81.2,0.91
13,76,0.88,0.7,-1.1,68.0,No,67,"6/27/2025",81.2,0.91
13,87,0.92,0.7,-1.1,68.0,No,67,"6/27/2025",81.2,0.91
13,72,0.86,0.7,-1.1,68.0,No,67,"6/27/2025",81.2,0.91
13,74,0.86,0.7,-1.1,68.0,No,67,"6/27/2025",81.2,0.91
13,88,0.93,0.7,-1.1,68.0,No,67,"6/27/2025",81.2,0.91
13,71,0.87,0.7,-1.1,68.0,No,67,"6/27/2025",81.2,0.91
13,80,0.91,0.7,-1.1,68.0,No,67,"6/27/2025",81.2,0.91
13,81,0.89,0.7,-1.1,68.0,No,67,"6/27/2025",81.2,0.91
13,58,0.78,0.7,-1.1,68.0,No,67,"6/27/2025",81.2,0.91
13,75,0.86,0.7,-1.1,68.0,No,67,"6/27/2025",81.2,0.91
13,74,0.92,0.7,-1.1,68.0,No,67,"6/27/2025",81.2,0.91
13,80,0.91,0.7,-1.1,68.0,No,67,"6/27/2025",81.2,0.91
13,82,0.94,0.7,-1.1,68.0,No,67,"6/27/2025",81.2,0.91
13,84,0.93,0.7,-1.1,68.0,No,67,"6/27/2025",81.2,0.91
13,78,0.91,0.7,-1.1,68.0,No,67,"6/27/2025",81.2,0.91
13,85,0.95,0.7,-1.1,68.0,No,67,"6/27/2025",81.2,0.91
13,83,0.93,0.7,-1.1,68.0,No,67,"6/27/2025",81.2,0.91
13,82,0.94,0.7,-1.1,68.0,No,67,"6/27/2025",81.2,0.91
13,83,0.92,0.7,-1.1,68.0,No,67,"6/27/2025",81.2,0.91
13,70,0.88,0.7,-1.1,68.0,No,67,"6/27/2025",81.2,0.91
13,88,0.93,0.7,-1.1,68.0,No,67,"6/27/2025",81.2,0.91
13,87,0.95,0.7,-1.1,68.0,No,67,"6/27/2025",81.2,0.91
13,94,0.96,0.7,-1.1,68.0,No,67,"6/27/2025",81.2,0.91
5,82,0.94,0.65,0.0,62.7,No,65,"6/27/2025",81.2,0.91
5,82,0.94,0.65,0.0,62.7,No,65,"6/27/2025",81.2,0.91
5,80,0.94,0.65,0.0,62.7,No,65,"6/27/2025",81.2,0.91
5,70,0.87,0.65,0.0,62.7,No,65,"6/27/2025",81.2,0.91
5,86,0.91,0.65,0.0,62.7,No,65,"6/27/2025",81.2,0.91
5,88,0.95,0.65,0.0,62.7,No,65,"6/27/2025",81.2,0.91
5,88,0.97,0.65,0.0,62.7,No,65,"6/27/2025",81.2,0.91
5,84,0.96,0.65,0.0,62.7,No,65,"6/27/2025",81.2,0.91
5,76,0.88,0.65,0.0,62.7,No,65,"6/27/2025",81.2,0.91
5,85,0.94,0.65,0.0,62.7,No,65,"6/27/2025",81.2,0.91
7,90,0.93,0.71,4.2,74.3,Large,67,"6/28/2025",83.7,0.93
7,90,0.89,0.71,4.2,74.3,Large,67,"6/28/2025",83.7,0.93
7,87,0.92,0.71,4.2,74.3,Large,67,"6/28/2025",83.7,0.93
7,78,0.88,0.71,4.2,74.3,Large,67,"6/28/2025",83.7,0.93
7,88,0.9,0.71,4.2,74.3,Large,67,"6/28/2025",83.7,0.93
7,87,0.9,0.71,4.2,74.3,Large,67,"6/28/2025",83.7,0.93
7,93,0.93,0.71,4.2,74.3,Large,67,"6/28/2025",83.7,0.93
7,81,0.89,0.71,4.2,74.3,Large,67,"6/28/2025",83.7,0.93
7,88,0.91,0.71,4.2,74.3,Large,67,"6/28/2025",83.7,0.93
7,90,0.9,0.71,4.2,74.3,Large,67,"6/28/2025",83.7,0.93
7,93,0.94,0.71,4.2,74.3,Large,67,"6/28/2025",83.7,0.93
7,81,0.91,0.71,4.2,74.3,Large,67,"6/28/2025",83.7,0.93
7,75,0.84,0.71,4.2,74.3,Large,67,"6/28/2025",83.7,0.93
7,92,0.95,0.71,4.2,74.3,Large,67,"6/28/2025",83.7,0.93
7,78,0.86,0.71,4.2,74.3,Large,67,"6/28/2025",83.7,0.93
7,88,0.93,0.71,4.2,74.3,Large,67,"6/28/2025",83.7,0.93
7,79,0.88,0.71,4.2,74.3,Large,67,"6/28/2025",83.7,0.93
7,76,0.87,0.71,4.2,74.3,Large,67,"6/28/2025",83.7,0.93
7,86,0.89,0.71,4.2,74.3,Large,67,"6/28/2025",83.7,0.93
7,86,0.92,0.71,4.2,74.3,Large,67,"6/28/2025",83.7,0.93
7,84,0.9,0.71,4.2,74.3,Large,67,"6/28/2025",83.7,0.93
7,79,0.88,0.71,4.2,74.3,Large,67,"6/28/2025",83.7,0.93
7,89,0.93,0.71,4.2,74.3,Large,67,"6/28/2025",83.7,0.93
7,84,0.87,0.71,4.2,74.3,Large,67,"6/28/2025",83.7,0.93
7,92,0.93,0.71,4.2,74.3,Large,67,"6/28/2025",83.7,0.93
7,87,0.92,0.71,4.2,74.3,Large,67,"6/28/2025",83.7,0.93
7,86,0.92,0.71,4.2,74.3,Large,67,"6/28/2025",83.7,0.93
7,93,0.92,0.71,4.2,74.3,Large,67,"6/28/2025",83.7,0.93
7,75,0.9,0.71,4.2,74.3,Large,67,"6/28/2025",83.7,0.93
7,86,0.91,0.71,4.2,74.3,Large,67,"6/28/2025",83.7,0.93
7,80,0.89,0.71,4.2,74.3,Large,67,"6/28/2025",83.7,0.93
7,89,0.95,0.71,4.2,74.3,Large,67,"6/28/2025",83.7,0.93
7,84,0.94,0.71,4.2,74.3,Large,67,"6/28/2025",83.7,0.93
7,83,0.91,0.71,4.2,74.3,Large,67,"6/28/2025",83.7,0.93
7,78,0.91,0.71,4.2,74.3,Large,67,"6/28/2025",83.7,0.93
7,82,0.94,0.71,4.2,74.3,Large,67,"6/28/2025",83.7,0.93
7,86,0.93,0.71,4.2,74.3,Large,67,"6/28/2025",83.7,0.93
7,74,0.89,0.71,4.2,74.3,Large,67,"6/28/2025",83.7,0.93
7,91,0.95,0.71,4.2,74.3,Large,67,"6/28/2025",83.7,0.93
7,89,0.93,0.71,4.2,74.3,Large,67,"6/28/2025",83.7,0.93
7,86,0.93,0.71,4.2,74.3,Large,67,"6/28/2025",83.7,0.93
7,82,0.93,0.71,4.2,74.3,Large,67,"6/28/2025",83.7,0.93
7,74,0.89,0.71,4.2,74.3,Large,67,"6/28/2025",83.7,0.93
7,78,0.93,0.71,4.2,74.3,Large,67,"6/28/2025",83.7,0.93
7,72,0.88,0.71,4.2,74.3,Large,67,"6/28/2025",83.7,0.93
7,79,0.91,0.71,4.2,74.3,Large,67,"6/28/2025",83.7,0.93
7,82,0.93,0.71,4.2,74.3,Large,67,"6/28/2025",83.7,0.93
7,84,0.95,0.71,4.2,74.3,Large,67,"6/28/2025",83.7,0.93
7,78,0.91,0.71,4.2,74.3,Large,67,"6/28/2025",83.7,0.93
7,91,0.92,0.71,4.2,74.3,Large,67,"6/28/2025",83.7,0.93
5,78,0.9,0.65,0.0,62.7,No,65,"6/28/2025",83.7,0.93
5,88,0.97,0.65,0.0,62.7,No,65,"6/28/2025",83.7,0.93
5,74,0.89,0.65,0.0,62.7,No,65,"6/28/2025",83.7,0.93
5,76,0.92,0.65,0.0,62.7,No,65,"6/28/2025",83.7,0.93
5,74,0.9,0.65,0.0,62.7,No,65,"6/28/2025",83.7,0.93
5,82,0.93,0.65,0.0,62.7,No,65,"6/28/2025",83.7,0.93
5,74,0.92,0.65,0.0,62.7,No,65,"6/28/2025",83.7,0.93
5,78,0.91,0.65,0.0,62.7,No,65,"6/28/2025",83.7,0.93
5,91,0.97,0.65,0.0,62.7,No,65,"6/28/2025",83.7,0.93
5,84,0.92,0.65,0.0,62.7,No,65,"6/28/2025",83.7,0.93
1,92,0.93,0.2,-6.3,62.6,No,60,"6/29/2025",84.4,0.92
1,78,0.91,0.2,-6.3,62.6,No,60,"6/29/2025",84.4,0.92
1,84,0.92,0.2,-6.3,62.6,No,60,"6/29/2025",84.4,0.92
1,72,0.85,0.2,-6.3,62.6,No,60,"6/29/2025",84.4,0.92
1,82,0.93,0.2,-6.3,62.6,No,60,"6/29/2025",84.4,0.92
1,80,0.93,0.2,-6.3,62.6,No,60,"6/29/2025",84.4,0.92
1,87,0.96,0.2,-6.3,62.6,No,60,"6/29/2025",84.4,0.92
1,77,0.92,0.2,-6.3,62.6,No,60,"6/29/2025",84.4,0.92
1,67,0.9,0.2,-6.3,62.6,No,60,"6/29/2025",84.4,0.92
1,77,0.91,0.2,-6.3,62.6,No,60,"6/29/2025",84.4,0.92
1,85,0.9,0.2,-6.3,62.6,No,60,"6/29/2025",84.4,0.92
1,83,0.89,0.2,-6.3,62.6,No,60,"6/29/2025",84.4,0.92
1,84,0.93,0.2,-6.3,62.6,No,60,"6/29/2025",84.4,0.92
1,94,0.97,0.2,-6.3,62.6,No,60,"6/29/2025",84.4,0.92
1,78,0.9,0.2,-6.3,62.6,No,60,"6/29/2025",84.4,0.92
1,78,0.91,0.2,-6.3,62.6,No,60,"6/29/2025",84.4,0.92
1,88,0.93,0.2,-6.3,62.6,No,60,"6/29/2025",84.4,0.92
1,93,0.96,0.2,-6.3,62.6,No,60,"6/29/2025",84.4,0.92
1,83,0.93,0.2,-6.3,62.6,No,60,"6/29/2025",84.4,0.92
1,100,0.97,0.2,-6.3,62.6,No,60,"6/29/2025",84.4,0.92
1,85,0.94,0.2,-6.3,62.6,No,60,"6/29/2025",84.4,0.92
1,86,0.95,0.2,-6.3,62.6,No,60,"6/29/2025",84.4,0.92
1,78,0.92,0.2,-6.3,62.6,No,60,"6/29/2025",84.4,0.92
1,88,0.93,0.2,-6.3,62.6,No,60,"6/29/2025",84.4,0.92
1,77,0.91,0.2,-6.3,62.6,No,60,"6/29/2025",84.4,0.92
1,66,0.86,0.2,-6.3,62.6,No,60,"6/29/2025",84.4,0.92
1,96,0.94,0.2,-6.3,62.6,No,60,"6/29/2025",84.4,0.92
1,80,0.92,0.2,-6.3,62.6,No,60,"6/29/2025",84.4,0.92
1,76,0.91,0.2,-6.3,62.6,No,60,"6/29/2025",84.4,0.92
1,86,0.93,0.2,-6.3,62.6,No,60,"6/29/2025",84.4,0.92
1,83,0.93,0.2,-6.3,62.6,No,60,"6/29/2025",84.4,0.92
1,78,0.9,0.2,-6.3,62.6,No,60,"6/29/2025",84.4,0.92
1,83,0.94,0.2,-6.3,62.6,No,60,"6/29/2025",84.4,0.92
1,90,0.95,0.2,-6.3,62.6,No,60,"6/29/2025",84.4,0.92
1,99,0.96,0.2,-6.3,62.6,No,60,"6/29/2025",84.4,0.92
1,97,0.96,0.2,-6.3,62.6,No,60,"6/29/2025",84.4,0.92
1,86,0.92,0.2,-6.3,62.6,No,60,"6/29/2025",84.4,0.92
1,84,0.93,0.2,-6.3,62.6,No,60,"6/29/2025",84.4,0.92
1,92,0.95,0.2,-6.3,62.6,No,60,"6/29/2025",84.4,0.92
1,84,0.93,0.2,-6.3,62.6,No,60,"6/29/2025",84.4,0.92
1,84,0.95,0.2,-6.3,62.6,No,60,"6/29/2025",84.4,0.92
1,82,0.91,0.2,-6.3,62.6,No,60,"6/29/2025",84.4,0.92
1,80,0.9,0.2,-6.3,62.6,No,60,"6/29/2025",84.4,0.92
1,80,0.92,0.2,-6.3,62.6,No,60,"6/29/2025",84.4,0.92
1,93,0.98,0.2,-6.3,62.6,No,60,"6/29/2025",84.4,0.92
1,89,0.92,0.2,-6.3,62.6,No,60,"6/29/2025",84.4,0.92
1,70,0.82,0.2,-6.3,62.6,No,60,"6/29/2025",84.4,0.92
1,71,0.86,0.2,-6.3,62.6,No,60,"6/29/2025",84.4,0.92
1,70,0.82,0.2,-6.3,62.6,No,60,"6/29/2025",84.4,0.92
1,93,0.92,0.2,-6.3,62.6,No,60,"6/29/2025",84.4,0.92
5,98,0.96,0.65,0.0,62.7,No,65,"6/29/2025",84.4,0.92
5,94,0.97,0.65,0.0,62.7,No,65,"6/29/2025",84.4,0.92
5,86,0.93,0.65,0.0,62.7,No,65,"6/29/2025",84.4,0.92
5,89,0.93,0.65,0.0,62.7,No,65,"6/29/2025",84.4,0.92
5,92,0.94,0.65,0.0,62.7,No,65,"6/29/2025",84.4,0.92
5,84,0.91,0.65,0.0,62.7,No,65,"6/29/2025",84.4,0.92
5,80,0.93,0.65,0.0,62.7,No,65,"6/29/2025",84.4,0.92
5,96,0.96,0.65,0.0,62.7,No,65,"6/29/2025",84.4,0.92
5,93,0.95,0.65,0.0,62.7,No,65,"6/29/2025",84.4,0.92
5,85,0.93,0.65,0.0,62.7,No,65,"6/29/2025",84.4,0.92
